fds-antv;error4xx;avg(align(60s, mean, ts(appdynamics.apm.transactions.errors_per_min, bu=cto and bugroup=fds and env=prd and app=fds-antv)), app);latency;avg(align(60s, mean, ts(appdynamics.apm.transactions.90th_percentile_resp_time_ms, bu=cto and bugroup=fds and env=prd and app=fds-antv )), app)
obill-webs-convpub;error4xx;avg(align(60s, mean, ts(appdynamics.apm.transactions.errors_per_min, bu=cto and bugroup=fds and env=prd and app=obill-webs-convpub)), app);latency;avg(align(60s, mean, ts(appdynamics.apm.transactions.90th_percentile_resp_time_ms, bu=cto and bugroup=fds and env=prd and app=obill-webs-convpub )), app)
eos;error4xx;avg(align(60s, mean, ts(appdynamics.apm.transactions.errors_per_min, bu=cto and bugroup=fds and env=prd and app=eos)), app);latency;avg(align(60s, mean, ts(appdynamics.apm.transactions.90th_percentile_resp_time_ms, bu=cto and bugroup=fds and env=prd and app=eos )), app)
fds-ttl;error4xx;avg(align(60s, mean, ts(appdynamics.apm.transactions.errors_per_min, bu=cto and bugroup=fds and env=prd and app=fds-ttl)), app);latency;avg(align(60s, mean, ts(appdynamics.apm.transactions.90th_percentile_resp_time_ms, bu=cto and bugroup=fds and env=prd and app=fds-ttl )), app)
qbo-c6;error4xx;avg(align(60s, mean, ts(appdynamics.apm.transactions.errors_per_min, bu=cto and bugroup=fds and env=prd and app=qbo-c6)), app);latency;avg(align(60s, mean, ts(appdynamics.apm.transactions.90th_percentile_resp_time_ms, bu=cto and bugroup=fds and env=prd and app=qbo-c6 )), app)
qbo-c4;error4xx;avg(align(60s, mean, ts(appdynamics.apm.transactions.errors_per_min, bu=cto and bugroup=fds and env=prd and app=qbo-c4)), app);latency;avg(align(60s, mean, ts(appdynamics.apm.transactions.90th_percentile_resp_time_ms, bu=cto and bugroup=fds and env=prd and app=qbo-c4 )), app)
qbo-c92;error4xx;avg(align(60s, mean, ts(appdynamics.apm.transactions.errors_per_min, bu=cto and bugroup=fds and env=prd and app=qbo-c92)), app);latency;avg(align(60s, mean, ts(appdynamics.apm.transactions.90th_percentile_resp_time_ms, bu=cto and bugroup=fds and env=prd and app=qbo-c92 )), app)
qbo-c40;error4xx;avg(align(60s, mean, ts(appdynamics.apm.transactions.errors_per_min, bu=cto and bugroup=fds and env=prd and app=qbo-c40)), app);latency;avg(align(60s, mean, ts(appdynamics.apm.transactions.90th_percentile_resp_time_ms, bu=cto and bugroup=fds and env=prd and app=qbo-c40 )), app)
qbo-c24;error4xx;avg(align(60s, mean, ts(appdynamics.apm.transactions.errors_per_min, bu=cto and bugroup=fds and env=prd and app=qbo-c24)), app);latency;avg(align(60s, mean, ts(appdynamics.apm.transactions.90th_percentile_resp_time_ms, bu=cto and bugroup=fds and env=prd and app=qbo-c24 )), app)
qbo-c36;error4xx;avg(align(60s, mean, ts(appdynamics.apm.transactions.errors_per_min, bu=cto and bugroup=fds and env=prd and app=qbo-c36)), app);latency;avg(align(60s, mean, ts(appdynamics.apm.transactions.90th_percentile_resp_time_ms, bu=cto and bugroup=fds and env=prd and app=qbo-c36 )), app)
qbo-c5;error4xx;avg(align(60s, mean, ts(appdynamics.apm.transactions.errors_per_min, bu=cto and bugroup=fds and env=prd and app=qbo-c5)), app);latency;avg(align(60s, mean, ts(appdynamics.apm.transactions.90th_percentile_resp_time_ms, bu=cto and bugroup=fds and env=prd and app=qbo-c5 )), app)
qbo-c12;error4xx;avg(align(60s, mean, ts(appdynamics.apm.transactions.errors_per_min, bu=cto and bugroup=fds and env=prd and app=qbo-c12)), app);latency;avg(align(60s, mean, ts(appdynamics.apm.transactions.90th_percentile_resp_time_ms, bu=cto and bugroup=fds and env=prd and app=qbo-c12 )), app)
erpsi;error4xx;avg(align(60s, mean, ts(appdynamics.apm.transactions.errors_per_min, bu=cto and bugroup=fds and env=prd and app=erpsi)), app);latency;avg(align(60s, mean, ts(appdynamics.apm.transactions.90th_percentile_resp_time_ms, bu=cto and bugroup=fds and env=prd and app=erpsi )), app)
fds-acc;error4xx;avg(align(60s, mean, ts(appdynamics.apm.transactions.errors_per_min, bu=cto and bugroup=fds and env=prd and app=fds-acc)), app);latency;avg(align(60s, mean, ts(appdynamics.apm.transactions.90th_percentile_resp_time_ms, bu=cto and bugroup=fds and env=prd and app=fds-acc )), app)
fds-pes;error4xx;avg(align(60s, mean, ts(appdynamics.apm.transactions.errors_per_min, bu=cto and bugroup=fds and env=prd and app=fds-pes)), app);latency;avg(align(60s, mean, ts(appdynamics.apm.transactions.90th_percentile_resp_time_ms, bu=cto and bugroup=fds and env=prd and app=fds-pes )), app)
obill-webs-esubmuleasync;error4xx;avg(align(60s, mean, ts(appdynamics.apm.transactions.errors_per_min, bu=cto and bugroup=fds and env=prd and app=obill-webs-esubmuleasync)), app);latency;avg(align(60s, mean, ts(appdynamics.apm.transactions.90th_percentile_resp_time_ms, bu=cto and bugroup=fds and env=prd and app=obill-webs-esubmuleasync )), app)
obill-webs-ctlgpub;error4xx;avg(align(60s, mean, ts(appdynamics.apm.transactions.errors_per_min, bu=cto and bugroup=fds and env=prd and app=obill-webs-ctlgpub)), app);latency;avg(align(60s, mean, ts(appdynamics.apm.transactions.90th_percentile_resp_time_ms, bu=cto and bugroup=fds and env=prd and app=obill-webs-ctlgpub )), app)
fds-wsi;error4xx;avg(align(60s, mean, ts(appdynamics.apm.transactions.errors_per_min, bu=cto and bugroup=fds and env=prd and app=fds-wsi)), app);latency;avg(align(60s, mean, ts(appdynamics.apm.transactions.90th_percentile_resp_time_ms, bu=cto and bugroup=fds and env=prd and app=fds-wsi )), app)
fds-ogway;error4xx;avg(align(60s, mean, ts(appdynamics.apm.transactions.errors_per_min, bu=cto and bugroup=fds and env=prd and app=fds-ogway)), app);latency;avg(align(60s, mean, ts(appdynamics.apm.transactions.90th_percentile_resp_time_ms, bu=cto and bugroup=fds and env=prd and app=fds-ogway )), app)
fds-pessam;error4xx;avg(align(60s, mean, ts(appdynamics.apm.transactions.errors_per_min, bu=cto and bugroup=fds and env=prd and app=fds-pessam)), app);latency;avg(align(60s, mean, ts(appdynamics.apm.transactions.90th_percentile_resp_time_ms, bu=cto and bugroup=fds and env=prd and app=fds-pessam )), app)
fds-dash;error4xx;avg(align(60s, mean, ts(appdynamics.apm.transactions.errors_per_min, bu=cto and bugroup=fds and env=prd and app=fds-dash)), app);latency;avg(align(60s, mean, ts(appdynamics.apm.transactions.90th_percentile_resp_time_ms, bu=cto and bugroup=fds and env=prd and app=fds-dash )), app)
qbo-c1;error4xx;avg(align(60s, mean, ts(appdynamics.apm.transactions.errors_per_min, bu=cto and bugroup=fds and env=prd and app=qbo-c1)), app);latency;avg(align(60s, mean, ts(appdynamics.apm.transactions.90th_percentile_resp_time_ms, bu=cto and bugroup=fds and env=prd and app=qbo-c1 )), app)
qbo-c21;error4xx;avg(align(60s, mean, ts(appdynamics.apm.transactions.errors_per_min, bu=cto and bugroup=fds and env=prd and app=qbo-c21)), app);latency;avg(align(60s, mean, ts(appdynamics.apm.transactions.90th_percentile_resp_time_ms, bu=cto and bugroup=fds and env=prd and app=qbo-c21 )), app)
qbo-c13;error4xx;avg(align(60s, mean, ts(appdynamics.apm.transactions.errors_per_min, bu=cto and bugroup=fds and env=prd and app=qbo-c13)), app);latency;avg(align(60s, mean, ts(appdynamics.apm.transactions.90th_percentile_resp_time_ms, bu=cto and bugroup=fds and env=prd and app=qbo-c13 )), app)
obill-webs-eapub;error4xx;avg(align(60s, mean, ts(appdynamics.apm.transactions.errors_per_min, bu=cto and bugroup=fds and env=prd and app=obill-webs-eapub)), app);latency;avg(align(60s, mean, ts(appdynamics.apm.transactions.90th_percentile_resp_time_ms, bu=cto and bugroup=fds and env=prd and app=obill-webs-eapub )), app)
qbo-c37;error4xx;avg(align(60s, mean, ts(appdynamics.apm.transactions.errors_per_min, bu=cto and bugroup=fds and env=prd and app=qbo-c37)), app);latency;avg(align(60s, mean, ts(appdynamics.apm.transactions.90th_percentile_resp_time_ms, bu=cto and bugroup=fds and env=prd and app=qbo-c37 )), app)
qbo-c29;error4xx;avg(align(60s, mean, ts(appdynamics.apm.transactions.errors_per_min, bu=cto and bugroup=fds and env=prd and app=qbo-c29)), app);latency;avg(align(60s, mean, ts(appdynamics.apm.transactions.90th_percentile_resp_time_ms, bu=cto and bugroup=fds and env=prd and app=qbo-c29 )), app)
fds-pdr;error4xx;avg(align(60s, mean, ts(appdynamics.apm.transactions.errors_per_min, bu=cto and bugroup=fds and env=prd and app=fds-pdr)), app);latency;avg(align(60s, mean, ts(appdynamics.apm.transactions.90th_percentile_resp_time_ms, bu=cto and bugroup=fds and env=prd and app=fds-pdr )), app)
obill-webs-billpub;error4xx;avg(align(60s, mean, ts(appdynamics.apm.transactions.errors_per_min, bu=cto and bugroup=fds and env=prd and app=obill-webs-billpub)), app);latency;avg(align(60s, mean, ts(appdynamics.apm.transactions.90th_percentile_resp_time_ms, bu=cto and bugroup=fds and env=prd and app=obill-webs-billpub )), app)
obill-webs-esubmuleasyncamolite;error4xx;avg(align(60s, mean, ts(appdynamics.apm.transactions.errors_per_min, bu=cto and bugroup=fds and env=prd and app=obill-webs-esubmuleasyncamolite)), app);latency;avg(align(60s, mean, ts(appdynamics.apm.transactions.90th_percentile_resp_time_ms, bu=cto and bugroup=fds and env=prd and app=obill-webs-esubmuleasyncamolite )), app)
uxs;error4xx;avg(align(60s, mean, ts(appdynamics.apm.transactions.errors_per_min, bu=cto and bugroup=fds and env=prd and app=uxs)), app);latency;avg(align(60s, mean, ts(appdynamics.apm.transactions.90th_percentile_resp_time_ms, bu=cto and bugroup=fds and env=prd and app=uxs )), app)
qbo-c2;error4xx;avg(align(60s, mean, ts(appdynamics.apm.transactions.errors_per_min, bu=cto and bugroup=fds and env=prd and app=qbo-c2)), app);latency;avg(align(60s, mean, ts(appdynamics.apm.transactions.90th_percentile_resp_time_ms, bu=cto and bugroup=fds and env=prd and app=qbo-c2 )), app)
fds-doc;error4xx;avg(align(60s, mean, ts(appdynamics.apm.transactions.errors_per_min, bu=cto and bugroup=fds and env=prd and app=fds-doc)), app);latency;avg(align(60s, mean, ts(appdynamics.apm.transactions.90th_percentile_resp_time_ms, bu=cto and bugroup=fds and env=prd and app=fds-doc )), app)
tds;error4xx;avg(align(60s, mean, ts(appdynamics.apm.transactions.errors_per_min, bu=cto and bugroup=fds and env=prd and app=tds)), app);latency;avg(align(60s, mean, ts(appdynamics.apm.transactions.90th_percentile_resp_time_ms, bu=cto and bugroup=fds and env=prd and app=tds )), app)
qbo-c10;error4xx;avg(align(60s, mean, ts(appdynamics.apm.transactions.errors_per_min, bu=cto and bugroup=fds and env=prd and app=qbo-c10)), app);latency;avg(align(60s, mean, ts(appdynamics.apm.transactions.90th_percentile_resp_time_ms, bu=cto and bugroup=fds and env=prd and app=qbo-c10 )), app)
fds-ocrgateway;error4xx;avg(align(60s, mean, ts(appdynamics.apm.transactions.errors_per_min, bu=cto and bugroup=fds and env=prd and app=fds-ocrgateway)), app);latency;avg(align(60s, mean, ts(appdynamics.apm.transactions.90th_percentile_resp_time_ms, bu=cto and bugroup=fds and env=prd and app=fds-ocrgateway )), app)
qbo-c22;error4xx;avg(align(60s, mean, ts(appdynamics.apm.transactions.errors_per_min, bu=cto and bugroup=fds and env=prd and app=qbo-c22)), app);latency;avg(align(60s, mean, ts(appdynamics.apm.transactions.90th_percentile_resp_time_ms, bu=cto and bugroup=fds and env=prd and app=qbo-c22 )), app)
obill-webs-cronutils;error4xx;avg(align(60s, mean, ts(appdynamics.apm.transactions.errors_per_min, bu=cto and bugroup=fds and env=prd and app=obill-webs-cronutils)), app);latency;avg(align(60s, mean, ts(appdynamics.apm.transactions.90th_percentile_resp_time_ms, bu=cto and bugroup=fds and env=prd and app=obill-webs-cronutils )), app)
qbo-c34;error4xx;avg(align(60s, mean, ts(appdynamics.apm.transactions.errors_per_min, bu=cto and bugroup=fds and env=prd and app=qbo-c34)), app);latency;avg(align(60s, mean, ts(appdynamics.apm.transactions.90th_percentile_resp_time_ms, bu=cto and bugroup=fds and env=prd and app=qbo-c34 )), app)
qbo-c18;error4xx;avg(align(60s, mean, ts(appdynamics.apm.transactions.errors_per_min, bu=cto and bugroup=fds and env=prd and app=qbo-c18)), app);latency;avg(align(60s, mean, ts(appdynamics.apm.transactions.90th_percentile_resp_time_ms, bu=cto and bugroup=fds and env=prd and app=qbo-c18 )), app)
rpt;error4xx;avg(align(60s, mean, ts(appdynamics.apm.transactions.errors_per_min, bu=cto and bugroup=fds and env=prd and app=rpt)), app);latency;avg(align(60s, mean, ts(appdynamics.apm.transactions.90th_percentile_resp_time_ms, bu=cto and bugroup=fds and env=prd and app=rpt )), app)
vtx;error4xx;avg(align(60s, mean, ts(appdynamics.apm.transactions.errors_per_min, bu=cto and bugroup=fds and env=prd and app=vtx)), app);latency;avg(align(60s, mean, ts(appdynamics.apm.transactions.90th_percentile_resp_time_ms, bu=cto and bugroup=fds and env=prd and app=vtx )), app)
fds-docpci;error4xx;avg(align(60s, mean, ts(appdynamics.apm.transactions.errors_per_min, bu=cto and bugroup=fds and env=prd and app=fds-docpci)), app);latency;avg(align(60s, mean, ts(appdynamics.apm.transactions.90th_percentile_resp_time_ms, bu=cto and bugroup=fds and env=prd and app=fds-docpci )), app)
fds-fpp;error4xx;avg(align(60s, mean, ts(appdynamics.apm.transactions.errors_per_min, bu=cto and bugroup=fds and env=prd and app=fds-fpp)), app);latency;avg(align(60s, mean, ts(appdynamics.apm.transactions.90th_percentile_resp_time_ms, bu=cto and bugroup=fds and env=prd and app=fds-fpp )), app)
obill-webs-billasyncbillingevents;error4xx;avg(align(60s, mean, ts(appdynamics.apm.transactions.errors_per_min, bu=cto and bugroup=fds and env=prd and app=obill-webs-billasyncbillingevents)), app);latency;avg(align(60s, mean, ts(appdynamics.apm.transactions.90th_percentile_resp_time_ms, bu=cto and bugroup=fds and env=prd and app=obill-webs-billasyncbillingevents )), app)
obill-webs-ctlgasync;error4xx;avg(align(60s, mean, ts(appdynamics.apm.transactions.errors_per_min, bu=cto and bugroup=fds and env=prd and app=obill-webs-ctlgasync)), app);latency;avg(align(60s, mean, ts(appdynamics.apm.transactions.90th_percentile_resp_time_ms, bu=cto and bugroup=fds and env=prd and app=obill-webs-ctlgasync )), app)
fds-cred;error4xx;avg(align(60s, mean, ts(appdynamics.apm.transactions.errors_per_min, bu=cto and bugroup=fds and env=prd and app=fds-cred)), app);latency;avg(align(60s, mean, ts(appdynamics.apm.transactions.90th_percentile_resp_time_ms, bu=cto and bugroup=fds and env=prd and app=fds-cred )), app)
ssn;error4xx;avg(align(60s, mean, ts(appdynamics.apm.transactions.errors_per_min, bu=cto and bugroup=fds and env=prd and app=ssn)), app);latency;avg(align(60s, mean, ts(appdynamics.apm.transactions.90th_percentile_resp_time_ms, bu=cto and bugroup=fds and env=prd and app=ssn )), app)
dos;error4xx;avg(align(60s, mean, ts(appdynamics.apm.transactions.errors_per_min, bu=cto and bugroup=fds and env=prd and app=dos)), app);latency;avg(align(60s, mean, ts(appdynamics.apm.transactions.90th_percentile_resp_time_ms, bu=cto and bugroup=fds and env=prd and app=dos )), app)
obill-webs-eamulepub;error4xx;avg(align(60s, mean, ts(appdynamics.apm.transactions.errors_per_min, bu=cto and bugroup=fds and env=prd and app=obill-webs-eamulepub)), app);latency;avg(align(60s, mean, ts(appdynamics.apm.transactions.90th_percentile_resp_time_ms, bu=cto and bugroup=fds and env=prd and app=obill-webs-eamulepub )), app)
fds-fas;error4xx;avg(align(60s, mean, ts(appdynamics.apm.transactions.errors_per_min, bu=cto and bugroup=fds and env=prd and app=fds-fas)), app);latency;avg(align(60s, mean, ts(appdynamics.apm.transactions.90th_percentile_resp_time_ms, bu=cto and bugroup=fds and env=prd and app=fds-fas )), app)
fds-cat;error4xx;avg(align(60s, mean, ts(appdynamics.apm.transactions.errors_per_min, bu=cto and bugroup=fds and env=prd and app=fds-cat)), app);latency;avg(align(60s, mean, ts(appdynamics.apm.transactions.90th_percentile_resp_time_ms, bu=cto and bugroup=fds and env=prd and app=fds-cat )), app)
fds-fes;error4xx;avg(align(60s, mean, ts(appdynamics.apm.transactions.errors_per_min, bu=cto and bugroup=fds and env=prd and app=fds-fes)), app);latency;avg(align(60s, mean, ts(appdynamics.apm.transactions.90th_percentile_resp_time_ms, bu=cto and bugroup=fds and env=prd and app=fds-fes )), app)
qbo-c43;error4xx;avg(align(60s, mean, ts(appdynamics.apm.transactions.errors_per_min, bu=cto and bugroup=fds and env=prd and app=qbo-c43)), app);latency;avg(align(60s, mean, ts(appdynamics.apm.transactions.90th_percentile_resp_time_ms, bu=cto and bugroup=fds and env=prd and app=qbo-c43 )), app)
qbo-c35;error4xx;avg(align(60s, mean, ts(appdynamics.apm.transactions.errors_per_min, bu=cto and bugroup=fds and env=prd and app=qbo-c35)), app);latency;avg(align(60s, mean, ts(appdynamics.apm.transactions.90th_percentile_resp_time_ms, bu=cto and bugroup=fds and env=prd and app=qbo-c35 )), app)
qbo-c11;error4xx;avg(align(60s, mean, ts(appdynamics.apm.transactions.errors_per_min, bu=cto and bugroup=fds and env=prd and app=qbo-c11)), app);latency;avg(align(60s, mean, ts(appdynamics.apm.transactions.90th_percentile_resp_time_ms, bu=cto and bugroup=fds and env=prd and app=qbo-c11 )), app)
obill-webs-eaasync;error4xx;avg(align(60s, mean, ts(appdynamics.apm.transactions.errors_per_min, bu=cto and bugroup=fds and env=prd and app=obill-webs-eaasync)), app);latency;avg(align(60s, mean, ts(appdynamics.apm.transactions.90th_percentile_resp_time_ms, bu=cto and bugroup=fds and env=prd and app=obill-webs-eaasync )), app)
qbo-c27;error4xx;avg(align(60s, mean, ts(appdynamics.apm.transactions.errors_per_min, bu=cto and bugroup=fds and env=prd and app=qbo-c27)), app);latency;avg(align(60s, mean, ts(appdynamics.apm.transactions.90th_percentile_resp_time_ms, bu=cto and bugroup=fds and env=prd and app=qbo-c27 )), app)
qbo-c19;error4xx;avg(align(60s, mean, ts(appdynamics.apm.transactions.errors_per_min, bu=cto and bugroup=fds and env=prd and app=qbo-c19)), app);latency;avg(align(60s, mean, ts(appdynamics.apm.transactions.90th_percentile_resp_time_ms, bu=cto and bugroup=fds and env=prd and app=qbo-c19 )), app)
rps;error4xx;avg(align(60s, mean, ts(appdynamics.apm.transactions.errors_per_min, bu=cto and bugroup=fds and env=prd and app=rps)), app);latency;avg(align(60s, mean, ts(appdynamics.apm.transactions.90th_percentile_resp_time_ms, bu=cto and bugroup=fds and env=prd and app=rps )), app)
fff;error4xx;avg(align(60s, mean, ts(appdynamics.apm.transactions.errors_per_min, bu=cto and bugroup=fds and env=prd and app=fff)), app);latency;avg(align(60s, mean, ts(appdynamics.apm.transactions.90th_percentile_resp_time_ms, bu=cto and bugroup=fds and env=prd and app=fff )), app)
obill-webs-esubasync;error4xx;avg(align(60s, mean, ts(appdynamics.apm.transactions.errors_per_min, bu=cto and bugroup=fds and env=prd and app=obill-webs-esubasync)), app);latency;avg(align(60s, mean, ts(appdynamics.apm.transactions.90th_percentile_resp_time_ms, bu=cto and bugroup=fds and env=prd and app=obill-webs-esubasync )), app)
obill-webs-convmulesingleton;error4xx;avg(align(60s, mean, ts(appdynamics.apm.transactions.errors_per_min, bu=cto and bugroup=fds and env=prd and app=obill-webs-convmulesingleton)), app);latency;avg(align(60s, mean, ts(appdynamics.apm.transactions.90th_percentile_resp_time_ms, bu=cto and bugroup=fds and env=prd and app=obill-webs-convmulesingleton )), app)
eis;error4xx;avg(align(60s, mean, ts(appdynamics.apm.transactions.errors_per_min, bu=cto and bugroup=fds and env=prd and app=eis)), app);latency;avg(align(60s, mean, ts(appdynamics.apm.transactions.90th_percentile_resp_time_ms, bu=cto and bugroup=fds and env=prd and app=eis )), app)
qbo-c72;error4xx;avg(align(60s, mean, ts(appdynamics.apm.transactions.errors_per_min, bu=cto and bugroup=fds and env=prd and app=qbo-c72)), app);latency;avg(align(60s, mean, ts(appdynamics.apm.transactions.90th_percentile_resp_time_ms, bu=cto and bugroup=fds and env=prd and app=qbo-c72 )), app)
qbo-c20;error4xx;avg(align(60s, mean, ts(appdynamics.apm.transactions.errors_per_min, bu=cto and bugroup=fds and env=prd and app=qbo-c20)), app);latency;avg(align(60s, mean, ts(appdynamics.apm.transactions.90th_percentile_resp_time_ms, bu=cto and bugroup=fds and env=prd and app=qbo-c20 )), app)
qbo-c32;error4xx;avg(align(60s, mean, ts(appdynamics.apm.transactions.errors_per_min, bu=cto and bugroup=fds and env=prd and app=qbo-c32)), app);latency;avg(align(60s, mean, ts(appdynamics.apm.transactions.90th_percentile_resp_time_ms, bu=cto and bugroup=fds and env=prd and app=qbo-c32 )), app)
qbo-c9;error4xx;avg(align(60s, mean, ts(appdynamics.apm.transactions.errors_per_min, bu=cto and bugroup=fds and env=prd and app=qbo-c9)), app);latency;avg(align(60s, mean, ts(appdynamics.apm.transactions.90th_percentile_resp_time_ms, bu=cto and bugroup=fds and env=prd and app=qbo-c9 )), app)
fds-fdms;error4xx;avg(align(60s, mean, ts(appdynamics.apm.transactions.errors_per_min, bu=cto and bugroup=fds and env=prd and app=fds-fdms)), app);latency;avg(align(60s, mean, ts(appdynamics.apm.transactions.90th_percentile_resp_time_ms, bu=cto and bugroup=fds and env=prd and app=fds-fdms )), app)
obill-webs-convasync;error4xx;avg(align(60s, mean, ts(appdynamics.apm.transactions.errors_per_min, bu=cto and bugroup=fds and env=prd and app=obill-webs-convasync)), app);latency;avg(align(60s, mean, ts(appdynamics.apm.transactions.90th_percentile_resp_time_ms, bu=cto and bugroup=fds and env=prd and app=obill-webs-convasync )), app)
qbo-c28;error4xx;avg(align(60s, mean, ts(appdynamics.apm.transactions.errors_per_min, bu=cto and bugroup=fds and env=prd and app=qbo-c28)), app);latency;avg(align(60s, mean, ts(appdynamics.apm.transactions.90th_percentile_resp_time_ms, bu=cto and bugroup=fds and env=prd and app=qbo-c28 )), app)
igs;error4xx;avg(align(60s, mean, ts(appdynamics.apm.transactions.errors_per_min, bu=cto and bugroup=fds and env=prd and app=igs)), app);latency;avg(align(60s, mean, ts(appdynamics.apm.transactions.90th_percentile_resp_time_ms, bu=cto and bugroup=fds and env=prd and app=igs )), app)
mdm;error4xx;avg(align(60s, mean, ts(appdynamics.apm.transactions.errors_per_min, bu=cto and bugroup=fds and env=prd and app=mdm)), app);latency;avg(align(60s, mean, ts(appdynamics.apm.transactions.90th_percentile_resp_time_ms, bu=cto and bugroup=fds and env=prd and app=mdm )), app)
obill-webs-billasync;error4xx;avg(align(60s, mean, ts(appdynamics.apm.transactions.errors_per_min, bu=cto and bugroup=fds and env=prd and app=obill-webs-billasync)), app);latency;avg(align(60s, mean, ts(appdynamics.apm.transactions.90th_percentile_resp_time_ms, bu=cto and bugroup=fds and env=prd and app=obill-webs-billasync )), app)
qbo-c16;error4xx;avg(align(60s, mean, ts(appdynamics.apm.transactions.errors_per_min, bu=cto and bugroup=fds and env=prd and app=qbo-c16)), app);latency;avg(align(60s, mean, ts(appdynamics.apm.transactions.90th_percentile_resp_time_ms, bu=cto and bugroup=fds and env=prd and app=qbo-c16 )), app)
gst;error4xx;avg(align(60s, mean, ts(appdynamics.apm.transactions.errors_per_min, bu=cto and bugroup=fds and env=prd and app=gst)), app);latency;avg(align(60s, mean, ts(appdynamics.apm.transactions.90th_percentile_resp_time_ms, bu=cto and bugroup=fds and env=prd and app=gst )), app)
mtt;error4xx;avg(align(60s, mean, ts(appdynamics.apm.transactions.errors_per_min, bu=cto and bugroup=fds and env=prd and app=mtt)), app);latency;avg(align(60s, mean, ts(appdynamics.apm.transactions.90th_percentile_resp_time_ms, bu=cto and bugroup=fds and env=prd and app=mtt )), app)
fds-pda;error4xx;avg(align(60s, mean, ts(appdynamics.apm.transactions.errors_per_min, bu=cto and bugroup=fds and env=prd and app=fds-pda)), app);latency;avg(align(60s, mean, ts(appdynamics.apm.transactions.90th_percentile_resp_time_ms, bu=cto and bugroup=fds and env=prd and app=fds-pda )), app)
qbo-c97;error4xx;avg(align(60s, mean, ts(appdynamics.apm.transactions.errors_per_min, bu=cto and bugroup=fds and env=prd and app=qbo-c97)), app);latency;avg(align(60s, mean, ts(appdynamics.apm.transactions.90th_percentile_resp_time_ms, bu=cto and bugroup=fds and env=prd and app=qbo-c97 )), app)
fds-bill;error4xx;avg(align(60s, mean, ts(appdynamics.apm.transactions.errors_per_min, bu=cto and bugroup=fds and env=prd and app=fds-bill)), app);latency;avg(align(60s, mean, ts(appdynamics.apm.transactions.90th_percentile_resp_time_ms, bu=cto and bugroup=fds and env=prd and app=fds-bill )), app)
fds-das;error4xx;avg(align(60s, mean, ts(appdynamics.apm.transactions.errors_per_min, bu=cto and bugroup=fds and env=prd and app=fds-das)), app);latency;avg(align(60s, mean, ts(appdynamics.apm.transactions.90th_percentile_resp_time_ms, bu=cto and bugroup=fds and env=prd and app=fds-das )), app)
qbo-c73;error4xx;avg(align(60s, mean, ts(appdynamics.apm.transactions.errors_per_min, bu=cto and bugroup=fds and env=prd and app=qbo-c73)), app);latency;avg(align(60s, mean, ts(appdynamics.apm.transactions.90th_percentile_resp_time_ms, bu=cto and bugroup=fds and env=prd and app=qbo-c73 )), app)
qbo-c41;error4xx;avg(align(60s, mean, ts(appdynamics.apm.transactions.errors_per_min, bu=cto and bugroup=fds and env=prd and app=qbo-c41)), app);latency;avg(align(60s, mean, ts(appdynamics.apm.transactions.90th_percentile_resp_time_ms, bu=cto and bugroup=fds and env=prd and app=qbo-c41 )), app)
qbo-c33;error4xx;avg(align(60s, mean, ts(appdynamics.apm.transactions.errors_per_min, bu=cto and bugroup=fds and env=prd and app=qbo-c33)), app);latency;avg(align(60s, mean, ts(appdynamics.apm.transactions.90th_percentile_resp_time_ms, bu=cto and bugroup=fds and env=prd and app=qbo-c33 )), app)
qbo-c25;error4xx;avg(align(60s, mean, ts(appdynamics.apm.transactions.errors_per_min, bu=cto and bugroup=fds and env=prd and app=qbo-c25)), app);latency;avg(align(60s, mean, ts(appdynamics.apm.transactions.90th_percentile_resp_time_ms, bu=cto and bugroup=fds and env=prd and app=qbo-c25 )), app)
qbo-c17;error4xx;avg(align(60s, mean, ts(appdynamics.apm.transactions.errors_per_min, bu=cto and bugroup=fds and env=prd and app=qbo-c17)), app);latency;avg(align(60s, mean, ts(appdynamics.apm.transactions.90th_percentile_resp_time_ms, bu=cto and bugroup=fds and env=prd and app=qbo-c17 )), app)
tes;error4xx;avg(align(60s, mean, ts(appdynamics.apm.transactions.errors_per_min, bu=cto and bugroup=fds and env=prd and app=tes)), app);latency;avg(align(60s, mean, ts(appdynamics.apm.transactions.90th_percentile_resp_time_ms, bu=cto and bugroup=fds and env=prd and app=tes )), app)
fds-fpo;error4xx;avg(align(60s, mean, ts(appdynamics.apm.transactions.errors_per_min, bu=cto and bugroup=fds and env=prd and app=fds-fpo)), app);latency;avg(align(60s, mean, ts(appdynamics.apm.transactions.90th_percentile_resp_time_ms, bu=cto and bugroup=fds and env=prd and app=fds-fpo )), app)
obill-webs-convmulepub;error4xx;avg(align(60s, mean, ts(appdynamics.apm.transactions.errors_per_min, bu=cto and bugroup=fds and env=prd and app=obill-webs-convmulepub)), app);latency;avg(align(60s, mean, ts(appdynamics.apm.transactions.90th_percentile_resp_time_ms, bu=cto and bugroup=fds and env=prd and app=obill-webs-convmulepub )), app)
identity;error4xx;avg(align(60s, mean, ts(appdynamics.apm.transactions.errors_per_min, bu=cto and bugroup=fds and env=prd and app=identity)), app);latency;avg(align(60s, mean, ts(appdynamics.apm.transactions.90th_percentile_resp_time_ms, bu=cto and bugroup=fds and env=prd and app=identity )), app)
obill-webs-convpri;error4xx;avg(align(60s, mean, ts(appdynamics.apm.transactions.errors_per_min, bu=cto and bugroup=fds and env=prd and app=obill-webs-convpri)), app);latency;avg(align(60s, mean, ts(appdynamics.apm.transactions.90th_percentile_resp_time_ms, bu=cto and bugroup=fds and env=prd and app=obill-webs-convpri )), app)
fds-dac;error4xx;avg(align(60s, mean, ts(appdynamics.apm.transactions.errors_per_min, bu=cto and bugroup=fds and env=prd and app=fds-dac)), app);latency;avg(align(60s, mean, ts(appdynamics.apm.transactions.90th_percentile_resp_time_ms, bu=cto and bugroup=fds and env=prd and app=fds-dac )), app)
estore92;error4xx;avg(align(60s, mean, ts(appdynamics.apm.transactions.errors_per_min, bu=cto and bugroup=fds and env=prd and app=estore92)), app);latency;avg(align(60s, mean, ts(appdynamics.apm.transactions.90th_percentile_resp_time_ms, bu=cto and bugroup=fds and env=prd and app=estore92 )), app)
obill-webs-esubpub;error4xx;avg(align(60s, mean, ts(appdynamics.apm.transactions.errors_per_min, bu=cto and bugroup=fds and env=prd and app=obill-webs-esubpub)), app);latency;avg(align(60s, mean, ts(appdynamics.apm.transactions.90th_percentile_resp_time_ms, bu=cto and bugroup=fds and env=prd and app=obill-webs-esubpub )), app)
cms;error4xx;avg(align(60s, mean, ts(appdynamics.apm.transactions.errors_per_min, bu=cto and bugroup=fds and env=prd and app=cms)), app);latency;avg(align(60s, mean, ts(appdynamics.apm.transactions.90th_percentile_resp_time_ms, bu=cto and bugroup=fds and env=prd and app=cms )), app)
ice;error4xx;avg(align(60s, mean, ts(appdynamics.apm.transactions.errors_per_min, bu=cto and bugroup=fds and env=prd and app=ice)), app);latency;avg(align(60s, mean, ts(appdynamics.apm.transactions.90th_percentile_resp_time_ms, bu=cto and bugroup=fds and env=prd and app=ice )), app)
qbo-c94;error4xx;avg(align(60s, mean, ts(appdynamics.apm.transactions.errors_per_min, bu=cto and bugroup=fds and env=prd and app=qbo-c94)), app);latency;avg(align(60s, mean, ts(appdynamics.apm.transactions.90th_percentile_resp_time_ms, bu=cto and bugroup=fds and env=prd and app=qbo-c94 )), app)
qbo-c42;error4xx;avg(align(60s, mean, ts(appdynamics.apm.transactions.errors_per_min, bu=cto and bugroup=fds and env=prd and app=qbo-c42)), app);latency;avg(align(60s, mean, ts(appdynamics.apm.transactions.90th_percentile_resp_time_ms, bu=cto and bugroup=fds and env=prd and app=qbo-c42 )), app)
qbo-c70;error4xx;avg(align(60s, mean, ts(appdynamics.apm.transactions.errors_per_min, bu=cto and bugroup=fds and env=prd and app=qbo-c70)), app);latency;avg(align(60s, mean, ts(appdynamics.apm.transactions.90th_percentile_resp_time_ms, bu=cto and bugroup=fds and env=prd and app=qbo-c70 )), app)
qbo-c30;error4xx;avg(align(60s, mean, ts(appdynamics.apm.transactions.errors_per_min, bu=cto and bugroup=fds and env=prd and app=qbo-c30)), app);latency;avg(align(60s, mean, ts(appdynamics.apm.transactions.90th_percentile_resp_time_ms, bu=cto and bugroup=fds and env=prd and app=qbo-c30 )), app)
qbo-c14;error4xx;avg(align(60s, mean, ts(appdynamics.apm.transactions.errors_per_min, bu=cto and bugroup=fds and env=prd and app=qbo-c14)), app);latency;avg(align(60s, mean, ts(appdynamics.apm.transactions.90th_percentile_resp_time_ms, bu=cto and bugroup=fds and env=prd and app=qbo-c14 )), app)
qbo-c7;error4xx;avg(align(60s, mean, ts(appdynamics.apm.transactions.errors_per_min, bu=cto and bugroup=fds and env=prd and app=qbo-c7)), app);latency;avg(align(60s, mean, ts(appdynamics.apm.transactions.90th_percentile_resp_time_ms, bu=cto and bugroup=fds and env=prd and app=qbo-c7 )), app)
qbo-c26;error4xx;avg(align(60s, mean, ts(appdynamics.apm.transactions.errors_per_min, bu=cto and bugroup=fds and env=prd and app=qbo-c26)), app);latency;avg(align(60s, mean, ts(appdynamics.apm.transactions.90th_percentile_resp_time_ms, bu=cto and bugroup=fds and env=prd and app=qbo-c26 )), app)
qbo-c38;error4xx;avg(align(60s, mean, ts(appdynamics.apm.transactions.errors_per_min, bu=cto and bugroup=fds and env=prd and app=qbo-c38)), app);latency;avg(align(60s, mean, ts(appdynamics.apm.transactions.90th_percentile_resp_time_ms, bu=cto and bugroup=fds and env=prd and app=qbo-c38 )), app)
obill-webs-esubmulepub;error4xx;avg(align(60s, mean, ts(appdynamics.apm.transactions.errors_per_min, bu=cto and bugroup=fds and env=prd and app=obill-webs-esubmulepub)), app);latency;avg(align(60s, mean, ts(appdynamics.apm.transactions.90th_percentile_resp_time_ms, bu=cto and bugroup=fds and env=prd and app=obill-webs-esubmulepub )), app)
fds-pps;error4xx;avg(align(60s, mean, ts(appdynamics.apm.transactions.errors_per_min, bu=cto and bugroup=fds and env=prd and app=fds-pps)), app);latency;avg(align(60s, mean, ts(appdynamics.apm.transactions.90th_percentile_resp_time_ms, bu=cto and bugroup=fds and env=prd and app=fds-pps )), app)
fds-doc-ihp;error4xx;avg(align(60s, mean, ts(appdynamics.apm.transactions.errors_per_min, bu=cto and bugroup=fds and env=prd and app=fds-doc-ihp)), app);latency;avg(align(60s, mean, ts(appdynamics.apm.transactions.90th_percentile_resp_time_ms, bu=cto and bugroup=fds and env=prd and app=fds-doc-ihp )), app)
fds-hds;error4xx;avg(align(60s, mean, ts(appdynamics.apm.transactions.errors_per_min, bu=cto and bugroup=fds and env=prd and app=fds-hds)), app);latency;avg(align(60s, mean, ts(appdynamics.apm.transactions.90th_percentile_resp_time_ms, bu=cto and bugroup=fds and env=prd and app=fds-hds )), app)
qbo-c71;error4xx;avg(align(60s, mean, ts(appdynamics.apm.transactions.errors_per_min, bu=cto and bugroup=fds and env=prd and app=qbo-c71)), app);latency;avg(align(60s, mean, ts(appdynamics.apm.transactions.90th_percentile_resp_time_ms, bu=cto and bugroup=fds and env=prd and app=qbo-c71 )), app)
obill-webs-convmuleasync;error4xx;avg(align(60s, mean, ts(appdynamics.apm.transactions.errors_per_min, bu=cto and bugroup=fds and env=prd and app=obill-webs-convmuleasync)), app);latency;avg(align(60s, mean, ts(appdynamics.apm.transactions.90th_percentile_resp_time_ms, bu=cto and bugroup=fds and env=prd and app=obill-webs-convmuleasync )), app)
qbo-c3;error4xx;avg(align(60s, mean, ts(appdynamics.apm.transactions.errors_per_min, bu=cto and bugroup=fds and env=prd and app=qbo-c3)), app);latency;avg(align(60s, mean, ts(appdynamics.apm.transactions.90th_percentile_resp_time_ms, bu=cto and bugroup=fds and env=prd and app=qbo-c3 )), app)
qbo-c31;error4xx;avg(align(60s, mean, ts(appdynamics.apm.transactions.errors_per_min, bu=cto and bugroup=fds and env=prd and app=qbo-c31)), app);latency;avg(align(60s, mean, ts(appdynamics.apm.transactions.90th_percentile_resp_time_ms, bu=cto and bugroup=fds and env=prd and app=qbo-c31 )), app)
qbo-c95;error4xx;avg(align(60s, mean, ts(appdynamics.apm.transactions.errors_per_min, bu=cto and bugroup=fds and env=prd and app=qbo-c95)), app);latency;avg(align(60s, mean, ts(appdynamics.apm.transactions.90th_percentile_resp_time_ms, bu=cto and bugroup=fds and env=prd and app=qbo-c95 )), app)
fds-fcms;error4xx;avg(align(60s, mean, ts(appdynamics.apm.transactions.errors_per_min, bu=cto and bugroup=fds and env=prd and app=fds-fcms)), app);latency;avg(align(60s, mean, ts(appdynamics.apm.transactions.90th_percentile_resp_time_ms, bu=cto and bugroup=fds and env=prd and app=fds-fcms )), app)
qbo-c39;error4xx;avg(align(60s, mean, ts(appdynamics.apm.transactions.errors_per_min, bu=cto and bugroup=fds and env=prd and app=qbo-c39)), app);latency;avg(align(60s, mean, ts(appdynamics.apm.transactions.90th_percentile_resp_time_ms, bu=cto and bugroup=fds and env=prd and app=qbo-c39 )), app)
qbo-c8;error4xx;avg(align(60s, mean, ts(appdynamics.apm.transactions.errors_per_min, bu=cto and bugroup=fds and env=prd and app=qbo-c8)), app);latency;avg(align(60s, mean, ts(appdynamics.apm.transactions.90th_percentile_resp_time_ms, bu=cto and bugroup=fds and env=prd and app=qbo-c8 )), app)
qbo-c23;error4xx;avg(align(60s, mean, ts(appdynamics.apm.transactions.errors_per_min, bu=cto and bugroup=fds and env=prd and app=qbo-c23)), app);latency;avg(align(60s, mean, ts(appdynamics.apm.transactions.90th_percentile_resp_time_ms, bu=cto and bugroup=fds and env=prd and app=qbo-c23 )), app)
qbo-c15;error4xx;avg(align(60s, mean, ts(appdynamics.apm.transactions.errors_per_min, bu=cto and bugroup=fds and env=prd and app=qbo-c15)), app);latency;avg(align(60s, mean, ts(appdynamics.apm.transactions.90th_percentile_resp_time_ms, bu=cto and bugroup=fds and env=prd and app=qbo-c15 )), app)
obill-webs-esubpri;error4xx;avg(align(60s, mean, ts(appdynamics.apm.transactions.errors_per_min, bu=cto and bugroup=fds and env=prd and app=obill-webs-esubpri)), app);latency;avg(align(60s, mean, ts(appdynamics.apm.transactions.90th_percentile_resp_time_ms, bu=cto and bugroup=fds and env=prd and app=obill-webs-esubpri )), app)
qbn;error4xx;avg(align(60s, mean, ts(appdynamics.apm.transactions.errors_per_min, bu=cto and bugroup=fds and env=prd and app=qbn)), app);latency;avg(align(60s, mean, ts(appdynamics.apm.transactions.90th_percentile_resp_time_ms, bu=cto and bugroup=fds and env=prd and app=qbn )), app)
fds-fss;error4xx;avg(align(60s, mean, ts(appdynamics.apm.transactions.errors_per_min, bu=cto and bugroup=fds and env=prd and app=fds-fss)), app);latency;avg(align(60s, mean, ts(appdynamics.apm.transactions.90th_percentile_resp_time_ms, bu=cto and bugroup=fds and env=prd and app=fds-fss )), app)
fds-fda;error4xx;avg(align(60s, mean, ts(appdynamics.apm.transactions.errors_per_min, bu=cto and bugroup=fds and env=prd and app=fds-fda)), app);latency;avg(align(60s, mean, ts(appdynamics.apm.transactions.90th_percentile_resp_time_ms, bu=cto and bugroup=fds and env=prd and app=fds-fda )), app)
